Date,Product,Region,Customer_Type,Quantity,Price,Discount,Revenue
2024-03-26,Landline,East,Residential,4,70.39,0.14,242.14
2024-03-02,Internet Packages,East,Business,1,141.51,0.23,108.96
2024-01-14,Landline,South,Residential,10,73.8,0.14,634.68
2024-07-22,Mobile Plans,West,Residential,9,139.42,0.15,1066.56
2024-10-01,Landline,South,Business,4,128.9,0.14,443.42
2024-09-09,Mobile Plans,South,Business,3,116.77,0.21,276.74
2024-01-24,Internet Packages,West,Residential,2,149.26,0.17,247.77
2024-11-16,Landline,South,Residential,3,119.48,0.19,290.34
2024-03-26,Internet Packages,North,Business,4,113.72,0.2,363.9
2024-08-24,Mobile Plans,South,Business,4,74.63,0.27,217.92
2024-08-27,Landline,North,Business,3,41.65,0.12,109.96
2024-06-14,Landline,West,Residential,3,76.06,0.04,219.05
2024-03-26,Internet Packages,East,Residential,10,60.04,0.19,486.32
2024-07-03,Internet Packages,West,Residential,3,12.63,0.08,34.86
2024-09-08,Mobile Plans,East,Business,3,30.19,0.14,77.89
2024-01-09,Landline,North,Residential,10,28.37,0.06,266.68
2024-01-25,Internet Packages,North,Residential,4,28.41,0.18,93.18
2024-11-07,Landline,East,Residential,6,11.26,0.08,62.16
2024-03-07,Mobile Plans,West,Residential,5,140.48,0.17,582.99
2024-12-10,Mobile Plans,South,Residential,10,193.6,0.06,1819.84
2024-05-20,Internet Packages,South,Business,4,152.71,0.29,433.7
2024-04-23,Internet Packages,West,Residential,7,146.77,0.29,729.45
2024-03-30,Landline,South,Residential,4,196.33,0.3,549.72
2024-08-06,Mobile Plans,East,Residential,10,52.32,0.19,423.79
2024-05-13,Internet Packages,North,Residential,1,162.76,0.1,146.48
2024-02-08,Landline,North,Residential,9,72.11,0.16,545.15
2024-09-16,Mobile Plans,North,Business,6,149.01,0.2,715.25
2024-09-01,Mobile Plans,South,Business,7,166.91,0.23,899.64
2024-11-30,Mobile Plans,North,Business,1,175.86,0.05,167.07
2024-03-12,Landline,South,Residential,10,133.95,0.15,1138.58
2024-12-14,Mobile Plans,East,Residential,3,195.73,0.19,475.62
2024-05-28,Internet Packages,North,Business,8,125.87,0.1,906.26
2024-07-10,Internet Packages,North,Residential,2,39.84,0.1,71.71
2024-06-08,Internet Packages,South,Business,6,17.54,0.01,104.19
2024-08-05,Mobile Plans,West,Business,9,12.46,0.05,106.53
2024-03-09,Landline,West,Business,10,147.75,0.25,1108.12
2024-11-02,Internet Packages,East,Residential,2,199.45,0.01,394.91
2024-11-02,Internet Packages,South,Residential,2,178.51,0.1,321.32
2024-02-15,Mobile Plans,North,Residential,4,66.5,0.09,242.06
2024-10-17,Mobile Plans,South,Business,2,165.66,0.02,324.69
2024-01-26,Landline,North,Residential,9,49.19,0.19,358.6
2024-09-28,Internet Packages,South,Business,4,43.11,0.3,120.71
2024-04-06,Mobile Plans,West,Business,7,130.3,0.15,775.29
2024-03-24,Mobile Plans,East,Residential,9,177.15,0.25,1195.76
2024-02-17,Internet Packages,North,Business,3,50.02,0.25,112.54
2024-10-17,Landline,West,Residential,1,88.33,0.18,72.43
2024-06-11,Internet Packages,West,Business,2,79.84,0.19,129.34
2024-09-07,Landline,West,Business,6,65.34,0.16,329.31
2024-08-07,Landline,East,Business,6,83.45,0.28,360.5
2024-03-24,Internet Packages,East,Residential,7,22.41,0.15,133.34
2024-05-25,Internet Packages,East,Business,9,123.52,0.27,811.53
2024-08-18,Landline,East,Residential,9,61.91,0.3,390.03
2024-07-21,Internet Packages,East,Residential,3,136.62,0.02,401.66
2024-02-25,Mobile Plans,West,Residential,10,40.34,0.04,387.26
2024-04-01,Landline,East,Residential,1,91.37,0.14,78.58
2024-10-29,Mobile Plans,South,Business,9,92.48,0.21,657.53
2024-10-27,Internet Packages,West,Business,9,75.9,0.16,573.8
2024-06-05,Mobile Plans,East,Residential,4,24.81,0.29,70.46
2024-05-12,Landline,East,Residential,1,173.72,0.0,173.72
2024-03-01,Internet Packages,South,Business,2,109.51,0.09,199.31
2024-05-28,Mobile Plans,North,Business,1,177.82,0.04,170.71
2024-06-27,Landline,West,Business,1,133.5,0.03,129.5
2024-12-24,Mobile Plans,North,Business,5,192.96,0.03,935.86
2024-06-23,Landline,West,Residential,10,152.3,0.06,1431.62
2024-08-25,Internet Packages,North,Business,3,131.31,0.05,374.23
2024-10-26,Mobile Plans,North,Residential,8,23.34,0.22,145.64
2024-07-27,Landline,West,Residential,2,182.26,0.21,287.97
2024-09-01,Landline,East,Business,2,110.4,0.17,183.26
2024-04-10,Mobile Plans,West,Business,2,63.1,0.11,112.32
2024-02-22,Mobile Plans,West,Business,5,189.51,0.04,909.65
2024-12-09,Mobile Plans,South,Residential,1,192.37,0.12,169.29
2024-06-07,Internet Packages,North,Business,4,109.58,0.01,433.94
2024-03-26,Landline,North,Business,8,29.82,0.15,202.78
2024-08-13,Mobile Plans,East,Business,3,169.16,0.03,492.26
2024-05-17,Mobile Plans,South,Residential,6,136.61,0.17,680.32
2024-06-03,Internet Packages,West,Business,6,53.61,0.13,279.84
2024-07-01,Landline,North,Business,3,13.89,0.07,38.75
2024-07-29,Landline,West,Business,9,39.07,0.15,298.89
2024-03-24,Mobile Plans,East,Residential,5,90.32,0.19,365.8
2024-07-31,Internet Packages,South,Business,2,174.22,0.27,254.36
2024-11-11,Landline,South,Residential,6,124.21,0.21,588.76
2024-05-10,Internet Packages,East,Business,6,90.4,0.1,488.16
2024-08-15,Landline,North,Residential,1,126.94,0.1,114.25
2024-07-04,Mobile Plans,West,Business,4,111.55,0.25,334.65
2024-08-11,Mobile Plans,North,Residential,5,189.41,0.28,681.88
2024-07-20,Mobile Plans,South,Business,3,33.07,0.17,82.34
2024-01-03,Mobile Plans,North,Business,4,110.74,0.12,389.8
2024-12-14,Landline,West,Business,6,81.08,0.16,408.64
2024-05-18,Mobile Plans,South,Business,1,33.44,0.16,28.09
2024-10-20,Landline,West,Business,10,138.62,0.09,1261.44
2024-04-19,Internet Packages,West,Residential,8,96.06,0.25,576.36
2024-02-09,Landline,West,Business,6,143.63,0.1,775.6
2024-08-15,Landline,North,Business,5,82.73,0.27,301.96
2024-02-25,Landline,North,Residential,1,130.9,0.14,112.57
2024-12-25,Internet Packages,South,Residential,1,131.68,0.26,97.44
2024-07-19,Landline,West,Residential,8,92.95,0.12,654.37
2024-07-31,Landline,South,Business,9,50.83,0.25,343.1
2024-10-02,Internet Packages,North,Business,1,178.38,0.12,156.97
2024-01-24,Internet Packages,West,Business,4,181.28,0.08,667.11
2024-02-06,Internet Packages,East,Business,10,65.89,0.19,533.71
2024-01-25,Mobile Plans,North,Residential,1,139.61,0.07,129.84
2024-07-23,Landline,West,Residential,1,147.02,0.18,120.56
2024-01-02,Internet Packages,North,Business,9,30.8,0.11,246.71
2024-05-16,Landline,South,Residential,2,149.87,0.26,221.81
2024-02-23,Mobile Plans,East,Residential,10,110.17,0.02,1079.67
2024-09-18,Mobile Plans,East,Residential,4,70.29,0.12,247.42
2024-03-25,Mobile Plans,East,Business,4,185.76,0.01,735.61
2024-07-13,Landline,West,Residential,3,151.77,0.29,323.27
2024-01-10,Landline,South,Residential,9,74.97,0.19,546.53
2024-12-11,Mobile Plans,North,Residential,2,71.65,0.27,104.61
2024-01-13,Landline,East,Residential,6,194.39,0.08,1073.03
2024-06-26,Mobile Plans,West,Business,2,20.32,0.26,30.07
2024-02-22,Landline,West,Business,9,45.88,0.05,392.27
2024-02-14,Internet Packages,North,Business,9,168.09,0.1,1361.53
2024-08-10,Landline,North,Business,7,65.61,0.05,436.31
2024-03-17,Internet Packages,North,Business,8,47.95,0.29,272.36
2024-09-06,Mobile Plans,West,Business,1,175.59,0.05,166.81
2024-04-21,Landline,West,Business,7,20.42,0.18,117.21
2024-07-15,Mobile Plans,South,Residential,9,85.38,0.09,699.26
2024-02-04,Landline,South,Residential,10,162.4,0.25,1218.0
2024-09-03,Mobile Plans,East,Business,7,104.51,0.08,673.04
2024-12-08,Mobile Plans,East,Residential,6,158.41,0.23,731.85
2024-07-23,Internet Packages,West,Business,7,19.14,0.01,132.64
2024-05-03,Landline,East,Business,4,169.92,0.3,475.78
2024-05-02,Mobile Plans,North,Business,8,174.88,0.12,1231.16
2024-01-28,Internet Packages,West,Residential,7,30.97,0.22,169.1
2024-04-03,Landline,West,Residential,1,195.58,0.01,193.62
2024-10-15,Landline,North,Business,2,125.44,0.13,218.27
2024-08-14,Landline,North,Business,6,170.78,0.29,727.52
2024-08-18,Landline,East,Business,7,168.74,0.15,1004.0
2024-03-24,Internet Packages,South,Business,6,160.21,0.24,730.56
2024-01-14,Mobile Plans,North,Business,10,173.52,0.02,1700.5
2024-10-19,Landline,East,Residential,10,16.54,0.01,163.75
2024-03-22,Landline,East,Residential,4,79.11,0.14,272.14
2024-05-19,Mobile Plans,North,Business,3,99.43,0.23,229.68
2024-07-24,Landline,North,Business,2,40.17,0.18,65.88
2024-03-26,Landline,South,Business,8,161.01,0.13,1120.63
2024-01-29,Landline,East,Business,9,70.47,0.03,615.2
2024-10-10,Internet Packages,East,Business,7,105.35,0.16,619.46
2024-12-04,Internet Packages,South,Residential,7,92.32,0.16,542.84
2024-12-30,Internet Packages,North,Residential,4,90.5,0.02,354.76
2024-05-11,Internet Packages,North,Business,4,122.78,0.28,353.61
2024-11-15,Landline,East,Residential,2,165.54,0.15,281.42
2024-01-10,Internet Packages,East,Residential,2,181.13,0.26,268.07
2024-07-16,Mobile Plans,North,Business,7,120.7,0.19,684.37
2024-01-10,Mobile Plans,West,Residential,5,118.67,0.13,516.21
2024-03-01,Mobile Plans,East,Residential,3,40.49,0.25,91.1
2024-10-21,Landline,North,Residential,2,79.38,0.23,122.25
2024-02-25,Landline,East,Business,3,150.7,0.15,384.28
2024-02-10,Landline,East,Business,4,75.11,0.09,273.4
2024-04-20,Mobile Plans,West,Residential,9,28.13,0.15,215.19
2024-03-27,Internet Packages,South,Business,5,56.2,0.24,213.56
2024-08-05,Landline,North,Residential,7,46.54,0.29,231.3
2024-10-15,Internet Packages,North,Residential,5,62.43,0.16,262.21
2024-07-24,Landline,South,Business,5,76.7,0.01,379.66
2024-06-09,Mobile Plans,South,Residential,1,197.64,0.29,140.32
2024-11-06,Landline,West,Business,6,120.84,0.09,659.79
2024-06-04,Mobile Plans,West,Business,8,62.21,0.18,408.1
2024-06-02,Landline,North,Residential,1,44.62,0.05,42.39
2024-07-24,Mobile Plans,North,Residential,9,123.82,0.29,791.21
2024-02-09,Internet Packages,North,Residential,9,176.49,0.09,1445.45
2024-05-27,Landline,North,Residential,7,52.94,0.02,363.17
2024-10-18,Mobile Plans,South,Residential,2,13.1,0.21,20.7
2024-10-15,Landline,South,Business,10,135.59,0.28,976.25
2024-03-20,Mobile Plans,South,Residential,8,188.13,0.29,1068.58
2024-03-03,Internet Packages,North,Residential,4,134.72,0.13,468.83
2024-11-02,Landline,South,Residential,7,34.89,0.2,195.38
2024-01-08,Internet Packages,East,Residential,7,65.03,0.03,441.55
2024-02-17,Mobile Plans,North,Business,8,128.12,0.17,850.72
2024-08-19,Mobile Plans,North,Business,8,55.36,0.07,411.88
2024-02-02,Landline,West,Business,3,68.95,0.21,163.41
2024-10-28,Mobile Plans,North,Business,10,69.15,0.1,622.35
2024-04-30,Mobile Plans,North,Business,3,12.06,0.3,25.33
2024-10-19,Landline,West,Business,7,65.58,0.21,362.66
2024-12-08,Mobile Plans,West,Business,6,170.46,0.04,981.85
2024-09-28,Internet Packages,North,Business,10,188.6,0.06,1772.84
2024-01-04,Landline,North,Residential,2,42.93,0.25,64.4
2024-09-06,Landline,North,Business,5,162.38,0.24,617.04
2024-02-28,Landline,West,Business,5,181.1,0.19,733.46
2024-09-08,Landline,South,Residential,3,61.34,0.28,132.49
2024-07-19,Internet Packages,East,Residential,1,45.52,0.08,41.88
2024-02-23,Mobile Plans,West,Residential,1,135.49,0.04,130.07
2024-11-23,Landline,South,Business,3,178.31,0.16,449.34
2024-08-23,Internet Packages,East,Residential,5,34.08,0.15,144.84
2024-10-23,Internet Packages,East,Residential,10,147.08,0.07,1367.84
2024-09-30,Landline,North,Residential,7,28.83,0.12,177.59
2024-11-23,Mobile Plans,East,Residential,6,54.86,0.07,306.12
2024-03-16,Landline,North,Residential,10,177.13,0.12,1558.74
2024-12-18,Landline,East,Business,4,48.75,0.1,175.5
2024-06-22,Mobile Plans,East,Residential,1,85.03,0.12,74.83
2024-06-22,Landline,West,Residential,2,74.63,0.03,144.78
2024-05-16,Internet Packages,West,Business,1,119.77,0.2,95.82
2024-08-15,Internet Packages,North,Residential,6,71.13,0.16,358.5
2024-09-22,Internet Packages,East,Residential,3,53.55,0.2,128.52
2024-05-14,Mobile Plans,East,Business,4,164.71,0.18,540.25
2024-04-08,Landline,West,Residential,4,57.39,0.21,181.35
2024-05-15,Mobile Plans,East,Residential,6,182.97,0.29,779.45
2024-06-12,Mobile Plans,South,Business,8,124.46,0.01,985.72
2024-01-19,Mobile Plans,North,Business,8,110.65,0.03,858.64
2024-07-26,Internet Packages,East,Residential,9,92.91,0.19,677.31
2024-05-20,Landline,East,Business,8,29.32,0.29,166.54
2024-02-01,Landline,South,Business,9,81.5,0.16,616.14
2024-07-06,Internet Packages,East,Residential,4,45.0,0.08,165.6
2024-05-20,Landline,East,Residential,6,106.13,0.14,547.63
2024-10-22,Mobile Plans,West,Residential,2,45.8,0.28,65.95
2024-12-18,Landline,South,Residential,4,153.72,0.24,467.31
2024-02-06,Internet Packages,West,Residential,5,117.59,0.16,493.88
2024-09-30,Internet Packages,West,Business,5,104.66,0.01,518.07
2024-11-01,Mobile Plans,West,Residential,2,100.28,0.26,148.41
2024-01-19,Landline,West,Business,7,122.58,0.21,677.87
2024-03-25,Mobile Plans,East,Business,3,107.0,0.14,276.06
2024-08-28,Mobile Plans,North,Business,3,50.83,0.24,115.89
2024-07-11,Landline,North,Business,8,139.06,0.23,856.61
2024-09-01,Mobile Plans,North,Residential,4,159.87,0.1,575.53
2024-08-28,Internet Packages,North,Business,7,93.27,0.24,496.2
2024-03-02,Internet Packages,South,Business,1,50.53,0.04,48.51
2024-02-22,Internet Packages,West,Residential,4,144.24,0.14,496.19
2024-04-16,Landline,West,Business,9,187.1,0.05,1599.7
2024-04-03,Landline,North,Residential,5,90.91,0.09,413.64
2024-06-18,Landline,East,Business,6,139.21,0.09,760.09
2024-01-18,Landline,East,Business,7,101.67,0.25,533.77
2024-06-08,Internet Packages,West,Business,1,52.83,0.24,40.15
2024-05-14,Mobile Plans,West,Residential,6,120.89,0.23,558.51
2024-12-07,Internet Packages,South,Business,4,81.57,0.12,287.13
2024-04-30,Internet Packages,East,Residential,10,151.97,0.07,1413.32
2024-06-15,Internet Packages,East,Residential,4,176.09,0.03,683.23
2024-09-19,Mobile Plans,North,Residential,5,153.83,0.14,661.47
2024-09-11,Landline,East,Business,6,172.64,0.01,1025.48
2024-09-19,Internet Packages,North,Business,8,194.28,0.24,1181.22
2024-03-19,Landline,South,Business,3,107.06,0.3,224.83
2024-10-17,Landline,South,Business,10,100.85,0.08,927.82
2024-07-24,Internet Packages,East,Business,8,194.14,0.02,1522.06
2024-04-16,Internet Packages,East,Residential,3,86.68,0.21,205.43
2024-09-07,Internet Packages,East,Business,6,84.16,0.17,419.12
2024-03-05,Internet Packages,East,Business,8,164.4,0.24,999.55
2024-09-08,Landline,South,Business,9,108.33,0.03,945.72
2024-06-16,Internet Packages,North,Business,10,163.48,0.02,1602.1
2024-01-20,Landline,West,Residential,8,104.78,0.27,611.92
2024-01-15,Mobile Plans,North,Residential,1,169.9,0.24,129.12
2024-07-06,Internet Packages,East,Residential,9,164.61,0.24,1125.93
2024-02-18,Internet Packages,West,Residential,3,120.58,0.2,289.39
2024-05-14,Mobile Plans,East,Business,10,23.2,0.06,218.08
2024-09-05,Landline,East,Business,4,145.75,0.2,466.4
2024-10-11,Landline,West,Business,5,156.79,0.02,768.27
2024-02-04,Landline,West,Residential,8,163.69,0.2,1047.62
2024-09-11,Landline,South,Business,10,179.37,0.27,1309.4
2024-04-03,Landline,East,Business,6,112.15,0.04,645.98
2024-03-01,Internet Packages,West,Residential,1,23.31,0.16,19.58
2024-12-26,Landline,South,Business,2,183.47,0.23,282.54
2024-01-04,Mobile Plans,West,Residential,3,23.47,0.19,57.03
2024-03-26,Mobile Plans,North,Residential,10,18.2,0.24,138.32
2024-06-18,Landline,West,Residential,2,194.11,0.27,283.4
2024-11-09,Mobile Plans,South,Business,1,19.28,0.1,17.35
2024-02-01,Landline,West,Residential,7,76.13,0.12,468.96
2024-11-13,Mobile Plans,West,Residential,7,18.49,0.25,97.07
2024-01-31,Internet Packages,East,Business,3,27.2,0.21,64.46
2024-06-19,Internet Packages,West,Business,2,82.33,0.07,153.13
2024-11-29,Landline,West,Residential,8,52.99,0.19,343.38
2024-09-08,Landline,West,Residential,2,42.05,0.13,73.17
2024-12-12,Mobile Plans,East,Business,3,130.84,0.23,302.24
2024-04-17,Landline,North,Residential,9,10.27,0.11,82.26
2024-12-25,Internet Packages,South,Business,8,56.14,0.13,390.73
2024-05-21,Internet Packages,East,Business,9,186.3,0.23,1291.06
2024-08-18,Internet Packages,South,Business,9,70.49,0.04,609.03
2024-07-10,Mobile Plans,East,Business,10,154.61,0.09,1406.95
2024-10-27,Landline,East,Residential,9,51.09,0.2,367.85
2024-09-04,Landline,North,Business,6,76.08,0.1,410.83
2024-06-29,Mobile Plans,West,Business,5,188.48,0.12,829.31
2024-04-21,Internet Packages,South,Residential,9,154.56,0.23,1071.1
2024-07-25,Landline,South,Residential,4,34.92,0.24,106.16
2024-06-19,Mobile Plans,North,Residential,6,128.86,0.14,664.92
2024-02-27,Landline,South,Business,10,129.01,0.12,1135.29
2024-11-28,Landline,South,Residential,7,171.63,0.03,1165.37
2024-06-20,Mobile Plans,South,Residential,6,120.39,0.2,577.87
2024-10-02,Mobile Plans,West,Business,2,150.24,0.09,273.44
2024-04-08,Mobile Plans,South,Residential,9,48.74,0.19,355.31
2024-08-28,Internet Packages,South,Residential,1,28.88,0.15,24.55
2024-03-07,Landline,West,Business,3,178.18,0.2,427.63
2024-09-24,Internet Packages,West,Residential,9,18.69,0.19,136.25
2024-08-27,Landline,South,Residential,7,12.78,0.01,88.57
2024-04-28,Landline,West,Business,9,187.04,0.02,1649.69
2024-11-06,Mobile Plans,West,Business,9,100.55,0.3,633.46
2024-04-21,Landline,North,Residential,3,181.84,0.22,425.51
2024-07-11,Internet Packages,South,Business,4,151.34,0.14,520.61
2024-02-14,Mobile Plans,West,Business,7,39.37,0.04,264.57
2024-05-11,Internet Packages,West,Residential,5,76.29,0.2,305.16
2024-05-09,Internet Packages,North,Business,9,124.72,0.15,954.11
2024-04-09,Internet Packages,East,Residential,4,124.6,0.26,368.82
2024-10-23,Mobile Plans,North,Residential,2,113.27,0.12,199.36
2024-06-21,Landline,North,Business,2,173.43,0.22,270.55
2024-03-01,Internet Packages,North,Residential,9,189.56,0.05,1620.74
2024-03-08,Internet Packages,West,Residential,1,44.94,0.0,44.94
2024-12-06,Landline,West,Business,7,176.16,0.2,986.5
2024-12-09,Internet Packages,East,Business,3,88.43,0.22,206.93
2024-01-12,Landline,North,Residential,6,71.05,0.09,387.93
2024-03-06,Internet Packages,East,Residential,3,113.28,0.3,237.89
2024-07-04,Mobile Plans,South,Residential,6,23.7,0.2,113.76
2024-01-16,Internet Packages,North,Residential,1,145.07,0.26,107.35
2024-04-25,Internet Packages,West,Business,8,137.21,0.21,867.17
2024-10-03,Internet Packages,West,Residential,1,146.92,0.14,126.35
2024-12-25,Mobile Plans,South,Residential,8,40.09,0.13,279.03
2024-10-21,Mobile Plans,East,Business,2,197.72,0.19,320.31
2024-04-10,Internet Packages,West,Business,7,144.67,0.28,729.14
2024-09-05,Internet Packages,West,Business,7,130.56,0.09,831.67
2024-10-13,Internet Packages,East,Residential,4,150.45,0.26,445.33
2024-02-20,Internet Packages,East,Residential,9,57.75,0.05,493.76
2024-11-29,Landline,North,Business,7,113.24,0.06,745.12
2024-11-12,Landline,North,Business,5,152.02,0.16,638.48
2024-11-19,Mobile Plans,West,Business,7,97.51,0.06,641.62
2024-09-24,Landline,North,Business,9,107.55,0.29,687.24
2024-06-19,Mobile Plans,North,Business,2,28.19,0.09,51.31
2024-09-29,Mobile Plans,North,Business,7,162.01,0.12,997.98
2024-01-19,Landline,North,Business,6,131.02,0.21,621.03
2024-02-13,Mobile Plans,South,Business,8,122.55,0.15,833.34
2024-12-19,Landline,North,Business,5,174.65,0.21,689.87
2024-05-20,Mobile Plans,South,Business,6,61.66,0.02,362.56
2024-07-16,Internet Packages,North,Business,2,99.91,0.11,177.84
2024-06-14,Internet Packages,North,Business,2,93.13,0.13,162.05
2024-11-04,Internet Packages,West,Business,10,58.81,0.2,470.48
2024-06-05,Internet Packages,West,Residential,6,35.29,0.02,207.51
2024-04-10,Landline,East,Residential,4,85.85,0.15,291.89
2024-01-09,Internet Packages,West,Residential,7,87.93,0.19,498.56
2024-12-11,Internet Packages,East,Business,2,15.66,0.29,22.24
2024-02-20,Landline,East,Business,3,49.03,0.26,108.85
2024-03-24,Landline,West,Residential,1,32.72,0.08,30.1
2024-08-06,Internet Packages,West,Business,1,142.82,0.04,137.11
2024-03-23,Mobile Plans,East,Business,1,19.1,0.26,14.13
2024-03-11,Mobile Plans,North,Business,8,195.92,0.07,1457.64
2024-10-23,Mobile Plans,South,Residential,10,143.57,0.22,1119.85
2024-02-27,Mobile Plans,South,Residential,8,174.26,0.11,1240.73
2024-05-22,Mobile Plans,South,Business,5,67.96,0.27,248.05
2024-08-23,Landline,West,Business,8,93.43,0.01,739.97
2024-03-19,Internet Packages,North,Business,5,82.09,0.26,303.73
2024-01-12,Internet Packages,South,Residential,3,171.83,0.29,366.0
2024-03-11,Mobile Plans,West,Business,6,76.7,0.08,423.38
2024-12-09,Internet Packages,North,Business,4,178.75,0.24,543.4
2024-02-05,Internet Packages,South,Residential,1,127.3,0.12,112.02
2024-11-05,Mobile Plans,East,Business,6,108.46,0.17,540.13
2024-09-19,Internet Packages,North,Residential,2,117.77,0.07,219.05
2024-12-11,Internet Packages,East,Residential,6,63.88,0.27,279.79
2024-12-30,Mobile Plans,East,Business,9,189.41,0.28,1227.38
2024-03-15,Landline,South,Business,7,13.21,0.06,86.92
2024-10-27,Internet Packages,South,Residential,9,49.01,0.17,366.1
2024-06-02,Internet Packages,South,Residential,6,131.36,0.16,662.05
2024-05-12,Internet Packages,East,Residential,5,199.87,0.16,839.45
2024-12-26,Internet Packages,South,Residential,1,106.88,0.19,86.57
2024-07-11,Mobile Plans,North,Business,4,154.08,0.18,505.38
2024-06-27,Mobile Plans,East,Residential,10,82.33,0.14,708.04
2024-06-13,Internet Packages,East,Business,9,183.06,0.27,1202.7
2024-10-15,Internet Packages,East,Residential,5,114.2,0.13,496.77
2024-07-28,Mobile Plans,East,Residential,1,136.64,0.14,117.51
2024-08-12,Internet Packages,South,Business,1,169.06,0.21,133.56
2024-09-29,Internet Packages,North,Residential,4,141.01,0.17,468.15
2024-05-31,Internet Packages,East,Business,4,107.23,0.07,398.9
2024-07-30,Mobile Plans,East,Business,5,29.44,0.02,144.26
2024-01-06,Internet Packages,East,Residential,7,70.94,0.3,347.61
2024-05-26,Internet Packages,East,Business,1,84.87,0.02,83.17
2024-11-09,Internet Packages,South,Residential,4,129.37,0.24,393.28
2024-10-23,Landline,South,Business,7,110.49,0.11,688.35
2024-10-15,Landline,North,Business,8,196.64,0.25,1179.84
2024-09-16,Landline,South,Residential,5,186.15,0.25,698.06
2024-11-11,Mobile Plans,North,Residential,3,112.85,0.15,287.77
2024-12-20,Internet Packages,North,Residential,4,48.1,0.08,177.01
2024-08-16,Landline,West,Business,9,32.79,0.08,271.5
2024-10-04,Internet Packages,East,Residential,8,105.95,0.06,796.74
2024-03-26,Mobile Plans,East,Residential,7,110.12,0.21,608.96
2024-08-13,Internet Packages,East,Business,7,186.54,0.16,1096.86
2024-08-22,Landline,East,Business,1,65.29,0.25,48.97
2024-05-15,Internet Packages,West,Business,2,180.87,0.05,343.65
2024-06-24,Mobile Plans,West,Business,4,99.38,0.09,361.74
2024-05-12,Internet Packages,East,Residential,8,42.21,0.23,260.01
2024-08-04,Mobile Plans,West,Business,5,22.5,0.04,108.0
2024-07-31,Internet Packages,North,Residential,8,135.45,0.23,834.37
2024-03-14,Internet Packages,West,Residential,5,152.8,0.15,649.4
2024-06-14,Landline,West,Residential,8,75.13,0.03,583.01
2024-01-13,Internet Packages,East,Residential,2,70.95,0.09,129.13
2024-12-15,Mobile Plans,West,Residential,3,46.76,0.19,113.63
2024-03-06,Internet Packages,North,Residential,1,48.4,0.14,41.62
2024-08-29,Mobile Plans,North,Business,10,66.35,0.02,650.23
2024-03-08,Mobile Plans,North,Business,4,81.64,0.02,320.03
2024-08-29,Mobile Plans,North,Business,10,165.35,0.18,1355.87
2024-06-12,Landline,North,Residential,10,198.41,0.19,1607.12
2024-11-13,Mobile Plans,West,Business,4,41.82,0.13,145.53
2024-06-21,Mobile Plans,East,Residential,10,132.7,0.19,1074.87
2024-06-16,Internet Packages,East,Residential,8,55.66,0.06,418.56
2024-05-22,Mobile Plans,South,Residential,9,85.7,0.21,609.33
2024-08-11,Mobile Plans,North,Business,4,138.05,0.11,491.46
2024-06-21,Internet Packages,West,Residential,10,159.47,0.1,1435.23
2024-10-02,Landline,South,Residential,3,51.19,0.24,116.71
2024-11-04,Landline,North,Residential,8,165.28,0.27,965.24
2024-06-15,Landline,South,Residential,4,157.26,0.22,490.65
2024-02-08,Internet Packages,South,Business,7,119.69,0.16,703.78
2024-05-09,Internet Packages,East,Residential,1,180.37,0.25,135.28
2024-04-23,Internet Packages,East,Business,2,32.59,0.14,56.05
2024-10-03,Internet Packages,South,Business,3,197.25,0.03,574.0
2024-10-07,Internet Packages,East,Residential,4,71.01,0.21,224.39
2024-05-31,Landline,West,Residential,4,135.38,0.08,498.2
2024-12-25,Landline,West,Business,5,37.31,0.22,145.51
2024-01-30,Landline,South,Business,5,139.69,0.14,600.67
2024-12-21,Mobile Plans,West,Business,10,114.24,0.23,879.65
2024-10-29,Landline,West,Residential,7,142.48,0.24,757.99
2024-11-15,Mobile Plans,East,Residential,6,138.78,0.07,774.39
2024-04-12,Landline,West,Business,5,144.36,0.09,656.84
2024-12-03,Mobile Plans,East,Residential,8,76.27,0.04,585.75
2024-11-22,Internet Packages,South,Residential,5,156.67,0.25,587.51
2024-06-06,Internet Packages,North,Residential,7,167.71,0.28,845.26
2024-12-23,Internet Packages,South,Business,1,182.51,0.05,173.38
2024-07-22,Landline,East,Residential,3,63.12,0.06,178.0
2024-04-18,Landline,North,Residential,3,139.97,0.01,415.71
2024-12-31,Mobile Plans,West,Business,5,167.92,0.24,638.1
2024-08-01,Internet Packages,West,Residential,2,87.64,0.08,161.26
2024-10-18,Internet Packages,West,Residential,10,157.72,0.25,1182.9
2024-06-08,Mobile Plans,South,Business,4,154.77,0.11,550.98
2024-09-24,Internet Packages,South,Residential,7,161.27,0.21,891.82
2024-01-05,Landline,West,Residential,8,106.5,0.02,834.96
2024-01-31,Landline,East,Business,2,60.91,0.14,104.77
2024-10-16,Mobile Plans,North,Business,8,187.15,0.26,1107.93
2024-06-16,Mobile Plans,South,Business,7,132.84,0.06,874.09
2024-03-12,Internet Packages,East,Residential,5,23.11,0.06,108.62
2024-11-04,Mobile Plans,South,Residential,8,14.27,0.15,97.04
2024-07-18,Internet Packages,West,Business,10,47.8,0.18,391.96
2024-07-09,Internet Packages,East,Business,10,43.4,0.01,429.66
2024-10-02,Landline,East,Business,2,129.84,0.23,199.95
2024-09-30,Internet Packages,West,Residential,1,168.04,0.17,139.47
2024-05-02,Mobile Plans,East,Residential,2,153.05,0.13,266.31
2024-03-05,Landline,North,Residential,4,52.06,0.1,187.42
2024-07-10,Mobile Plans,East,Business,6,122.19,0.21,579.18
2024-12-04,Landline,East,Business,1,171.85,0.21,135.76
2024-04-13,Mobile Plans,South,Residential,5,60.42,0.11,268.87
2024-04-06,Internet Packages,South,Business,8,87.76,0.05,666.98
2024-08-05,Mobile Plans,West,Residential,8,98.37,0.1,708.26
2024-10-02,Internet Packages,West,Business,1,194.8,0.09,177.27
2024-08-20,Mobile Plans,South,Business,5,184.99,0.1,832.46
2024-09-08,Internet Packages,East,Business,3,129.82,0.03,377.78
2024-09-20,Internet Packages,East,Residential,6,30.53,0.19,148.38
2024-07-27,Mobile Plans,East,Business,1,169.0,0.2,135.2
2024-05-24,Internet Packages,West,Residential,7,153.08,0.09,975.12
2024-07-02,Landline,North,Business,2,157.28,0.01,311.41
2024-08-05,Landline,North,Business,10,183.39,0.08,1687.19
2024-04-06,Mobile Plans,West,Residential,4,56.64,0.23,174.45
2024-03-05,Landline,West,Residential,5,41.68,0.05,197.98
2024-07-20,Mobile Plans,West,Residential,2,185.01,0.2,296.02
2024-06-15,Mobile Plans,West,Residential,3,149.32,0.01,443.48
2024-09-04,Internet Packages,North,Business,1,197.25,0.11,175.55
2024-04-01,Mobile Plans,East,Residential,9,99.46,0.04,859.33
2024-12-03,Internet Packages,South,Residential,8,111.07,0.18,728.62
2024-11-19,Internet Packages,West,Business,1,44.4,0.09,40.4
2024-09-26,Landline,South,Business,1,57.43,0.16,48.24
2024-10-03,Internet Packages,South,Residential,3,11.26,0.04,32.43
2024-05-17,Mobile Plans,South,Business,8,160.59,0.13,1117.71
2024-01-07,Internet Packages,East,Business,5,85.7,0.22,334.23
2024-08-04,Mobile Plans,South,Business,5,139.76,0.03,677.84
2024-09-19,Landline,North,Residential,7,180.4,0.12,1111.26
2024-12-29,Internet Packages,East,Residential,6,41.18,0.21,195.19
2024-04-06,Mobile Plans,East,Residential,4,137.23,0.05,521.47
2024-09-22,Landline,West,Business,5,90.12,0.08,414.55
2024-08-22,Landline,West,Residential,3,190.7,0.08,526.33
2024-03-06,Landline,North,Business,8,159.23,0.06,1197.41
2024-03-01,Landline,West,Residential,7,58.58,0.1,369.05
2024-10-28,Internet Packages,East,Business,7,25.47,0.04,171.16
2024-03-23,Internet Packages,South,Residential,4,114.01,0.06,428.68
2024-10-30,Mobile Plans,East,Residential,7,33.8,0.13,205.84
2024-09-27,Internet Packages,North,Business,3,67.5,0.26,149.85
2024-09-30,Landline,North,Residential,9,162.58,0.1,1316.9
2024-02-16,Landline,West,Residential,3,149.84,0.22,350.63
2024-04-05,Internet Packages,West,Business,1,147.0,0.29,104.37
2024-10-16,Mobile Plans,West,Residential,3,97.26,0.21,230.51
2024-01-15,Mobile Plans,North,Business,8,126.35,0.06,950.15
2024-10-01,Mobile Plans,South,Business,5,115.27,0.15,489.9
2024-12-31,Landline,West,Residential,2,138.16,0.17,229.35
2024-10-21,Mobile Plans,East,Residential,4,106.82,0.03,414.46
2024-03-29,Landline,East,Residential,4,41.47,0.17,137.68
2024-06-20,Landline,North,Residential,7,18.28,0.19,103.65
2024-12-27,Mobile Plans,East,Business,2,155.92,0.24,237.0
2024-06-12,Internet Packages,West,Residential,9,129.9,0.07,1087.26
2024-02-04,Landline,East,Residential,3,113.35,0.21,268.64
2024-04-27,Landline,North,Residential,3,190.35,0.21,451.13
2024-07-18,Mobile Plans,West,Business,6,81.76,0.27,358.11
2024-09-22,Internet Packages,East,Business,4,64.13,0.09,233.43
2024-05-20,Landline,South,Business,5,194.87,0.07,906.15
2024-08-21,Landline,East,Business,4,73.42,0.27,214.39
2024-12-11,Mobile Plans,West,Residential,3,123.86,0.22,289.83
2024-03-01,Landline,East,Business,2,63.13,0.24,95.96
2024-06-05,Mobile Plans,West,Residential,10,142.06,0.22,1108.07
2024-10-15,Mobile Plans,North,Residential,7,54.1,0.1,340.83
2024-11-07,Mobile Plans,West,Business,8,40.93,0.03,317.62
2024-01-01,Mobile Plans,South,Residential,3,49.01,0.07,136.74
2024-12-18,Mobile Plans,West,Business,9,167.28,0.19,1219.47
2024-06-27,Mobile Plans,North,Business,3,73.78,0.28,159.36
2024-08-14,Landline,West,Residential,1,46.43,0.22,36.22
2024-10-25,Landline,West,Business,9,145.76,0.1,1180.66
2024-05-30,Mobile Plans,East,Business,4,81.79,0.05,310.8
2024-01-22,Internet Packages,East,Residential,3,108.56,0.28,234.49
2024-01-20,Landline,North,Residential,6,146.32,0.21,693.56
2024-08-01,Internet Packages,North,Residential,8,30.26,0.08,222.71
2024-09-05,Landline,North,Business,5,181.83,0.2,727.32
2024-04-03,Landline,East,Business,10,62.73,0.12,552.02
2024-05-04,Internet Packages,West,Residential,10,120.9,0.14,1039.74
2024-05-28,Internet Packages,South,Business,2,120.21,0.23,185.12
2024-11-28,Internet Packages,South,Residential,5,78.39,0.08,360.59
2024-01-06,Mobile Plans,North,Business,4,70.77,0.24,215.14
2024-02-10,Internet Packages,South,Residential,8,183.7,0.03,1425.51
2024-08-20,Landline,East,Residential,10,63.54,0.17,527.38
2024-11-09,Internet Packages,West,Business,10,85.28,0.23,656.66
2024-07-29,Landline,East,Business,5,112.3,0.26,415.51
2024-02-06,Internet Packages,South,Residential,6,72.93,0.24,332.56
2024-01-15,Mobile Plans,East,Residential,8,151.78,0.19,983.53
2024-05-06,Mobile Plans,South,Residential,5,144.18,0.15,612.77
2024-04-23,Internet Packages,West,Residential,7,55.45,0.17,322.16
2024-12-14,Landline,West,Business,7,20.46,0.28,103.12
2024-04-04,Landline,West,Residential,6,42.9,0.16,216.22
2024-08-29,Internet Packages,North,Residential,1,46.56,0.04,44.7
2024-03-12,Mobile Plans,East,Residential,5,55.87,0.26,206.72
2024-04-30,Internet Packages,East,Residential,3,146.71,0.28,316.89
2024-06-10,Internet Packages,North,Business,7,130.17,0.24,692.5
2024-04-24,Mobile Plans,South,Business,3,169.76,0.27,371.77
2024-01-06,Internet Packages,North,Residential,8,138.67,0.28,798.74
2024-03-08,Mobile Plans,North,Business,2,76.42,0.23,117.69
2024-06-20,Mobile Plans,North,Residential,2,193.14,0.06,363.1
2024-01-09,Internet Packages,North,Residential,7,115.57,0.15,687.64
2024-03-30,Mobile Plans,North,Business,6,108.04,0.04,622.31
2024-03-28,Landline,South,Business,1,98.46,0.21,77.78
2024-06-04,Landline,North,Residential,9,58.56,0.19,426.9
2024-05-02,Mobile Plans,East,Business,7,102.59,0.25,538.6
2024-04-29,Landline,North,Business,4,183.58,0.17,609.49
2024-05-03,Internet Packages,East,Business,8,117.44,0.01,930.12
2024-03-07,Internet Packages,South,Residential,4,141.68,0.06,532.72
2024-03-05,Internet Packages,South,Residential,1,93.25,0.12,82.06
2024-08-29,Mobile Plans,West,Residential,6,122.85,0.21,582.31
2024-03-07,Internet Packages,North,Business,4,111.74,0.12,393.32
2024-12-20,Internet Packages,North,Business,9,93.64,0.06,792.19
2024-11-22,Internet Packages,West,Business,1,165.26,0.09,150.39
2024-10-12,Landline,South,Residential,6,193.98,0.09,1059.13
2024-01-30,Internet Packages,North,Residential,8,76.61,0.13,533.21
2024-05-17,Landline,East,Business,8,131.71,0.12,927.24
2024-09-12,Internet Packages,East,Business,7,122.23,0.01,847.05
2024-02-06,Internet Packages,East,Business,8,146.94,0.05,1116.74
2024-10-12,Mobile Plans,East,Residential,5,185.43,0.13,806.62
2024-04-14,Internet Packages,West,Residential,7,160.47,0.22,876.17
2024-02-08,Internet Packages,West,Business,3,193.41,0.06,545.42
2024-07-24,Landline,North,Business,10,36.96,0.23,284.59
2024-06-21,Internet Packages,West,Business,8,66.97,0.22,417.89
2024-01-13,Internet Packages,North,Business,9,84.57,0.04,730.68
2024-01-15,Landline,South,Residential,10,190.75,0.07,1773.98
2024-05-30,Landline,East,Residential,10,53.05,0.24,403.18
2024-04-04,Landline,West,Residential,7,13.85,0.21,76.59
2024-02-10,Mobile Plans,West,Business,1,82.85,0.14,71.25
2024-12-07,Landline,South,Residential,8,102.96,0.26,609.52
2024-08-12,Mobile Plans,South,Business,9,199.4,0.29,1274.17
2024-11-08,Landline,South,Residential,3,23.64,0.2,56.74
2024-12-01,Mobile Plans,East,Business,10,196.04,0.25,1470.3
2024-10-11,Landline,West,Business,4,35.67,0.09,129.84
2024-07-30,Internet Packages,South,Business,10,98.3,0.11,874.87
2024-12-20,Mobile Plans,North,Residential,5,66.91,0.26,247.57
2024-06-11,Internet Packages,West,Residential,3,38.55,0.2,92.52
2024-01-11,Internet Packages,West,Business,10,127.71,0.15,1085.53
2024-05-09,Internet Packages,South,Business,9,93.84,0.09,768.55
2024-01-25,Landline,South,Business,2,145.79,0.04,279.92
2024-02-08,Mobile Plans,West,Residential,3,195.51,0.22,457.49
2024-10-20,Mobile Plans,South,Residential,3,182.95,0.14,472.01
2024-10-23,Landline,East,Residential,3,161.81,0.16,407.76
2024-12-05,Mobile Plans,South,Residential,5,79.41,0.06,373.23
2024-09-21,Mobile Plans,West,Residential,1,182.07,0.2,145.66
2024-09-28,Landline,East,Business,7,139.11,0.25,730.33
2024-09-13,Internet Packages,North,Residential,7,82.59,0.07,537.66
2024-10-16,Mobile Plans,South,Residential,9,119.32,0.06,1009.45
2024-09-30,Landline,East,Business,3,94.42,0.03,274.76
2024-12-30,Landline,East,Business,4,156.01,0.23,480.51
2024-09-26,Mobile Plans,South,Business,1,129.66,0.22,101.13
2024-06-18,Internet Packages,East,Residential,1,168.74,0.25,126.56
2024-06-21,Mobile Plans,East,Business,4,180.76,0.13,629.04
2024-04-02,Landline,West,Business,4,56.7,0.21,179.17
2024-02-16,Landline,South,Business,3,35.49,0.28,76.66
2024-03-26,Mobile Plans,West,Residential,4,32.89,0.19,106.56
2024-09-11,Internet Packages,East,Business,5,96.96,0.19,392.69
2024-04-12,Internet Packages,South,Business,3,91.2,0.17,227.09
2024-10-12,Landline,North,Business,3,133.43,0.29,284.21
2024-05-26,Internet Packages,South,Business,9,180.76,0.25,1220.13
2024-09-27,Landline,South,Residential,1,90.53,0.11,80.57
2024-06-27,Mobile Plans,East,Business,6,151.04,0.08,833.74
2024-10-09,Mobile Plans,West,Business,5,102.46,0.2,409.84
2024-10-30,Internet Packages,East,Business,5,146.21,0.17,606.77
2024-06-29,Landline,East,Business,6,118.41,0.19,575.47
2024-01-15,Mobile Plans,West,Residential,3,51.69,0.28,111.65
2024-12-05,Mobile Plans,South,Business,3,95.35,0.19,231.7
2024-12-19,Landline,East,Business,10,26.73,0.16,224.53
2024-06-16,Landline,South,Residential,6,49.04,0.2,235.39
2024-12-24,Mobile Plans,West,Residential,7,163.83,0.24,871.58
2024-08-28,Internet Packages,North,Residential,9,177.63,0.0,1598.67
2024-10-07,Landline,West,Business,2,49.97,0.26,73.96
2024-09-24,Landline,South,Residential,10,50.36,0.28,362.59
2024-04-05,Internet Packages,West,Residential,9,91.36,0.1,740.02
2024-10-16,Internet Packages,West,Residential,4,82.41,0.08,303.27
2024-05-29,Landline,West,Business,1,147.37,0.05,140.0
2024-07-25,Internet Packages,North,Residential,1,149.82,0.08,137.83
2024-03-21,Mobile Plans,East,Residential,7,160.76,0.08,1035.29
2024-02-27,Internet Packages,South,Residential,3,179.33,0.02,527.23
2024-06-10,Mobile Plans,West,Residential,2,106.23,0.08,195.46
2024-03-28,Internet Packages,North,Residential,10,146.47,0.26,1083.88
2024-04-19,Landline,North,Residential,4,190.47,0.25,571.41
2024-01-03,Mobile Plans,South,Business,7,42.09,0.17,244.54
2024-08-19,Mobile Plans,South,Business,2,171.42,0.06,322.27
2024-07-15,Internet Packages,West,Business,5,198.99,0.04,955.15
2024-06-20,Landline,South,Residential,5,119.38,0.12,525.27
2024-11-21,Mobile Plans,East,Residential,8,40.42,0.08,297.49
2024-11-08,Landline,West,Residential,1,90.32,0.14,77.68
2024-08-22,Mobile Plans,North,Business,5,21.65,0.04,103.92
2024-09-22,Landline,West,Business,8,160.87,0.21,1016.7
2024-12-01,Internet Packages,East,Business,10,135.7,0.17,1126.31
2024-10-04,Mobile Plans,East,Business,6,178.77,0.06,1008.26
2024-12-24,Internet Packages,North,Residential,1,96.79,0.06,90.98
2024-08-15,Landline,East,Business,4,67.29,0.1,242.24
2024-02-07,Mobile Plans,East,Residential,4,188.95,0.09,687.78
2024-10-25,Mobile Plans,West,Residential,4,22.91,0.14,78.81
2024-10-31,Internet Packages,North,Business,10,121.13,0.04,1162.85
2024-07-07,Internet Packages,North,Residential,8,54.43,0.23,335.29
2024-05-30,Landline,East,Residential,1,178.48,0.08,164.2
2024-11-19,Internet Packages,South,Business,10,24.97,0.14,214.74
2024-11-05,Internet Packages,North,Business,5,121.79,0.14,523.7
2024-04-02,Internet Packages,East,Residential,2,123.95,0.03,240.46
2024-05-05,Mobile Plans,South,Residential,3,18.61,0.24,42.43
2024-09-19,Landline,West,Business,2,187.76,0.03,364.25
2024-12-30,Landline,North,Business,3,28.29,0.28,61.11
2024-10-13,Internet Packages,West,Residential,7,192.08,0.07,1250.44
2024-08-16,Mobile Plans,North,Residential,10,142.47,0.1,1282.23
2024-01-10,Internet Packages,South,Residential,1,72.57,0.2,58.06
2024-06-05,Internet Packages,South,Business,7,45.86,0.19,260.03
2024-02-07,Internet Packages,West,Business,10,62.61,0.08,576.01
2024-05-30,Mobile Plans,West,Residential,7,93.27,0.25,489.67
2024-08-05,Landline,East,Business,8,22.32,0.14,153.56
2024-11-07,Internet Packages,North,Residential,8,56.51,0.08,415.91
2024-10-18,Mobile Plans,North,Business,5,18.09,0.29,64.22
2024-01-13,Mobile Plans,East,Residential,4,154.15,0.19,499.45
2024-12-24,Mobile Plans,South,Residential,5,147.69,0.26,546.45
2024-01-07,Landline,West,Business,3,96.81,0.16,243.96
2024-10-09,Landline,North,Business,10,28.6,0.13,248.82
2024-05-16,Mobile Plans,West,Residential,7,194.9,0.19,1105.08
2024-03-05,Landline,South,Residential,10,20.57,0.13,178.96
2024-06-15,Internet Packages,West,Residential,8,111.48,0.04,856.17
2024-11-12,Mobile Plans,West,Residential,8,139.72,0.01,1106.58
2024-04-04,Landline,East,Business,6,174.26,0.23,805.08
2024-03-23,Internet Packages,East,Residential,2,107.87,0.08,198.48
2024-06-22,Landline,West,Business,5,24.86,0.21,98.2
2024-12-31,Landline,East,Residential,6,72.14,0.26,320.3
2024-08-01,Landline,North,Business,7,22.12,0.09,140.9
2024-11-29,Mobile Plans,East,Residential,7,143.28,0.14,862.55
2024-03-19,Mobile Plans,South,Business,7,11.0,0.08,70.84
2024-03-28,Landline,South,Business,6,73.37,0.26,325.76
2024-12-03,Mobile Plans,South,Business,10,47.37,0.23,364.75
2024-01-15,Mobile Plans,South,Residential,7,183.28,0.12,1129.0
2024-12-24,Landline,East,Residential,2,18.15,0.26,26.86
2024-05-22,Mobile Plans,East,Residential,5,118.34,0.19,479.28
2024-10-15,Mobile Plans,North,Residential,10,15.69,0.14,134.93
2024-02-12,Mobile Plans,East,Business,2,28.96,0.04,55.6
2024-07-29,Internet Packages,East,Business,7,72.2,0.22,394.21
2024-11-15,Mobile Plans,South,Business,6,112.33,0.23,518.96
2024-01-28,Internet Packages,North,Residential,9,77.76,0.03,678.84
2024-07-26,Internet Packages,West,Business,7,135.87,0.01,941.58
2024-06-12,Internet Packages,East,Business,2,87.84,0.07,163.38
2024-06-09,Internet Packages,South,Residential,1,37.22,0.06,34.99
2024-03-25,Internet Packages,North,Business,3,101.49,0.19,246.62
2024-10-18,Internet Packages,East,Business,10,64.12,0.21,506.55
2024-02-23,Internet Packages,North,Residential,8,73.26,0.3,410.26
2024-08-21,Landline,North,Business,7,65.3,0.18,374.82
2024-09-11,Landline,East,Business,3,71.52,0.04,205.98
2024-07-12,Landline,North,Business,9,127.48,0.18,940.8
2024-06-13,Mobile Plans,North,Residential,4,114.69,0.0,458.76
2024-11-14,Mobile Plans,South,Business,1,146.11,0.24,111.04
2024-11-21,Landline,South,Residential,7,57.1,0.06,375.72
2024-02-25,Landline,South,Residential,7,129.88,0.24,690.96
2024-07-22,Internet Packages,South,Residential,3,154.24,0.24,351.67
2024-11-14,Internet Packages,South,Residential,8,100.6,0.18,659.94
2024-08-03,Landline,South,Residential,7,24.17,0.1,152.27
2024-12-25,Internet Packages,West,Business,8,129.06,0.29,733.06
2024-10-14,Mobile Plans,West,Residential,6,131.69,0.2,632.11
2024-08-26,Landline,West,Business,9,58.43,0.09,478.54
2024-01-18,Internet Packages,North,Residential,3,161.29,0.12,425.81
2024-06-09,Mobile Plans,North,Business,2,13.65,0.2,21.84
2024-12-29,Landline,West,Business,10,63.44,0.27,463.11
2024-05-18,Mobile Plans,East,Residential,5,55.0,0.1,247.5
2024-06-02,Landline,South,Business,6,111.78,0.15,570.08
2024-01-07,Mobile Plans,West,Residential,9,37.33,0.01,332.61
2024-06-21,Internet Packages,South,Business,1,22.18,0.01,21.96
2024-06-03,Mobile Plans,North,Residential,1,183.92,0.29,130.58
2024-02-17,Internet Packages,North,Business,7,146.52,0.21,810.26
2024-07-20,Landline,North,Residential,1,51.62,0.1,46.46
2024-08-23,Mobile Plans,East,Residential,4,190.77,0.02,747.82
2024-05-06,Mobile Plans,West,Business,5,154.28,0.19,624.83
2024-02-24,Mobile Plans,North,Business,10,48.92,0.11,435.39
2024-12-09,Landline,West,Residential,4,106.56,0.23,328.2
2024-10-08,Mobile Plans,West,Business,4,82.75,0.21,261.49
2024-08-18,Internet Packages,South,Business,7,133.73,0.05,889.3
2024-05-06,Mobile Plans,South,Business,10,143.75,0.27,1049.38
2024-05-30,Internet Packages,East,Residential,3,175.4,0.15,447.27
2024-12-18,Landline,East,Residential,5,47.19,0.27,172.24
2024-03-18,Internet Packages,North,Business,3,28.17,0.05,80.28
2024-09-12,Internet Packages,South,Business,4,185.85,0.09,676.49
2024-08-12,Internet Packages,East,Residential,1,99.9,0.2,79.92
2024-01-30,Mobile Plans,South,Business,2,54.99,0.04,105.58
2024-10-30,Internet Packages,North,Business,4,57.34,0.2,183.49
2024-11-07,Mobile Plans,South,Business,6,157.17,0.08,867.58
2024-04-30,Internet Packages,West,Residential,6,175.73,0.13,917.31
2024-06-17,Landline,West,Residential,1,164.62,0.01,162.97
2024-12-17,Landline,North,Business,10,61.74,0.18,506.27
2024-09-30,Landline,North,Business,1,30.47,0.09,27.73
2024-10-31,Internet Packages,East,Business,6,12.46,0.12,65.79
2024-03-08,Landline,North,Residential,1,181.37,0.19,146.91
2024-11-20,Internet Packages,East,Business,8,167.72,0.18,1100.24
2024-10-21,Internet Packages,South,Residential,6,166.69,0.19,810.11
2024-12-15,Mobile Plans,South,Residential,9,187.21,0.08,1550.1
2024-03-26,Mobile Plans,South,Residential,2,128.12,0.22,199.87
2024-07-28,Internet Packages,North,Residential,1,183.51,0.11,163.32
2024-08-16,Internet Packages,West,Residential,7,160.09,0.16,941.33
2024-11-06,Internet Packages,West,Residential,9,194.1,0.07,1624.62
2024-01-19,Internet Packages,East,Business,3,66.97,0.12,176.8
2024-03-28,Internet Packages,South,Business,1,151.8,0.25,113.85
2024-06-17,Internet Packages,West,Business,2,103.41,0.03,200.62
2024-06-12,Landline,East,Business,3,181.34,0.17,451.54
2024-03-31,Mobile Plans,South,Residential,10,26.27,0.07,244.31
2024-11-25,Internet Packages,South,Business,6,83.72,0.22,391.81
2024-12-23,Internet Packages,East,Residential,2,151.33,0.3,211.86
2024-03-29,Internet Packages,East,Business,5,105.65,0.2,422.6
2024-10-11,Internet Packages,West,Business,3,150.55,0.05,429.07
2024-01-05,Internet Packages,East,Residential,1,72.61,0.02,71.16
2024-04-25,Landline,South,Business,9,14.45,0.19,105.34
2024-02-28,Landline,North,Business,2,11.55,0.25,17.33
2024-08-08,Mobile Plans,West,Residential,8,43.08,0.24,261.93
2024-02-28,Internet Packages,South,Business,1,133.97,0.04,128.61
2024-04-19,Mobile Plans,South,Business,4,73.53,0.08,270.59
2024-03-05,Mobile Plans,South,Residential,9,199.96,0.08,1655.67
2024-03-01,Mobile Plans,West,Residential,9,189.29,0.09,1550.29
2024-12-11,Landline,North,Residential,5,59.08,0.28,212.69
2024-09-05,Internet Packages,South,Residential,6,143.73,0.21,681.28
2024-02-10,Landline,North,Business,9,115.28,0.08,954.52
2024-10-03,Landline,West,Residential,2,108.85,0.02,213.35
2024-09-28,Mobile Plans,East,Business,7,31.25,0.22,170.62
2024-05-17,Internet Packages,South,Residential,1,60.2,0.06,56.59
2024-09-12,Mobile Plans,West,Residential,5,75.59,0.06,355.27
2024-02-07,Mobile Plans,South,Business,6,199.45,0.02,1172.77
2024-10-01,Landline,East,Business,10,172.21,0.03,1670.44
2024-03-28,Mobile Plans,South,Business,3,164.76,0.2,395.42
2024-11-26,Mobile Plans,North,Residential,6,54.93,0.25,247.18
2024-05-31,Landline,West,Business,1,38.34,0.26,28.37
2024-03-23,Mobile Plans,East,Residential,5,33.39,0.18,136.9
2024-03-02,Mobile Plans,South,Business,5,64.42,0.11,286.67
2024-09-27,Internet Packages,North,Business,8,62.23,0.08,458.01
2024-09-24,Internet Packages,South,Business,7,134.41,0.16,790.33
2024-03-21,Landline,North,Residential,9,80.54,0.02,710.36
2024-07-08,Landline,West,Residential,5,72.91,0.08,335.39
2024-02-05,Mobile Plans,West,Business,8,162.27,0.16,1090.45
2024-05-31,Landline,West,Residential,2,174.88,0.16,293.8
2024-10-31,Landline,North,Residential,10,184.42,0.25,1383.15
2024-02-06,Internet Packages,East,Residential,8,187.1,0.09,1362.09
2024-06-25,Mobile Plans,North,Residential,4,28.18,0.22,87.92
2024-11-28,Internet Packages,North,Business,8,101.72,0.28,585.91
2024-03-23,Internet Packages,South,Residential,8,41.76,0.05,317.38
2024-06-02,Internet Packages,West,Business,6,105.94,0.18,521.22
2024-01-04,Landline,West,Residential,2,139.3,0.29,197.81
2024-08-13,Mobile Plans,West,Residential,10,130.22,0.29,924.56
2024-11-17,Landline,West,Business,1,19.53,0.13,16.99
2024-04-11,Mobile Plans,East,Residential,6,44.05,0.24,200.87
2024-10-19,Mobile Plans,West,Business,5,51.55,0.09,234.55
2024-12-20,Internet Packages,East,Business,3,78.16,0.29,166.48
2024-12-22,Internet Packages,West,Residential,10,174.85,0.15,1486.22
2024-02-24,Landline,North,Business,9,110.33,0.16,834.09
2024-07-09,Internet Packages,West,Residential,5,114.89,0.18,471.05
2024-04-05,Landline,East,Business,6,13.66,0.12,72.12
2024-10-04,Internet Packages,South,Residential,5,130.39,0.14,560.68
2024-01-28,Mobile Plans,East,Residential,5,167.99,0.09,764.35
2024-01-04,Landline,North,Residential,8,15.33,0.14,105.47
2024-04-14,Landline,South,Residential,4,68.82,0.29,195.45
2024-07-17,Internet Packages,West,Business,7,183.61,0.09,1169.6
2024-12-31,Internet Packages,South,Business,2,156.57,0.25,234.86
2024-01-11,Mobile Plans,East,Residential,5,184.31,0.27,672.73
2024-07-07,Landline,North,Business,5,118.18,0.27,431.36
2024-07-12,Mobile Plans,East,Business,3,181.68,0.13,474.18
2024-02-21,Mobile Plans,North,Business,3,120.26,0.29,256.15
2024-04-30,Mobile Plans,West,Residential,4,139.55,0.19,452.14
2024-04-10,Landline,East,Business,10,51.2,0.13,445.44
2024-10-21,Mobile Plans,North,Business,9,191.71,0.1,1552.85
2024-04-01,Landline,West,Business,10,137.84,0.18,1130.29
2024-04-12,Internet Packages,West,Residential,2,96.04,0.13,167.11
2024-04-10,Internet Packages,East,Business,7,126.39,0.22,690.09
2024-05-04,Landline,East,Residential,4,69.08,0.09,251.45
2024-12-27,Mobile Plans,South,Residential,7,56.75,0.15,337.66
2024-10-22,Landline,West,Business,6,64.7,0.05,368.79
2024-08-26,Mobile Plans,North,Business,10,28.73,0.26,212.6
2024-03-20,Landline,West,Business,2,174.2,0.21,275.24
2024-01-05,Internet Packages,North,Business,2,196.71,0.28,283.26
2024-07-28,Internet Packages,East,Business,5,35.61,0.26,131.76
2024-12-14,Landline,West,Residential,2,125.95,0.1,226.71
2024-11-20,Landline,South,Residential,7,84.87,0.24,451.51
2024-10-08,Internet Packages,North,Business,7,197.44,0.04,1326.8
2024-05-03,Internet Packages,South,Residential,5,85.78,0.02,420.32
2024-04-05,Internet Packages,South,Residential,8,17.46,0.17,115.93
2024-06-21,Landline,East,Residential,2,149.11,0.2,238.58
2024-02-08,Internet Packages,South,Business,9,150.55,0.2,1083.96
2024-09-17,Landline,East,Residential,4,148.28,0.17,492.29
2024-03-22,Mobile Plans,West,Business,9,107.14,0.23,742.48
2024-07-02,Internet Packages,South,Residential,3,160.71,0.05,458.02
2024-02-17,Internet Packages,East,Residential,2,173.56,0.28,249.93
2024-03-10,Mobile Plans,North,Residential,1,136.57,0.07,127.01
2024-05-31,Internet Packages,South,Residential,9,118.91,0.24,813.34
2024-01-24,Mobile Plans,South,Business,3,150.86,0.16,380.17
2024-09-07,Internet Packages,West,Residential,8,49.99,0.05,379.92
2024-05-04,Internet Packages,North,Business,3,152.29,0.16,383.77
2024-08-03,Mobile Plans,East,Business,2,120.82,0.06,227.14
2024-05-12,Internet Packages,South,Residential,9,55.87,0.18,412.32
2024-01-18,Landline,North,Residential,1,84.62,0.1,76.16
2024-06-12,Internet Packages,East,Business,8,122.63,0.05,931.99
2024-08-20,Internet Packages,West,Business,1,105.87,0.24,80.46
2024-09-12,Internet Packages,North,Residential,7,166.61,0.17,968.0
2024-07-06,Internet Packages,North,Business,2,46.63,0.29,66.21
2024-02-25,Landline,South,Business,3,86.68,0.3,182.03
2024-03-08,Mobile Plans,North,Business,8,102.51,0.13,713.47
2024-01-26,Mobile Plans,East,Business,2,44.0,0.17,73.04
2024-10-31,Landline,North,Residential,8,136.35,0.29,774.47
2024-11-15,Mobile Plans,North,Residential,3,110.33,0.11,294.58
2024-04-04,Internet Packages,South,Business,6,32.35,0.3,135.87
2024-05-15,Landline,South,Business,9,119.49,0.25,806.56
2024-08-22,Landline,West,Residential,8,47.5,0.17,315.4
2024-04-01,Mobile Plans,South,Business,9,116.96,0.07,978.96
2024-07-25,Landline,West,Residential,10,58.75,0.25,440.62
2024-11-30,Landline,East,Residential,8,84.16,0.18,552.09
2024-07-19,Mobile Plans,East,Business,10,112.63,0.02,1103.77
2024-09-15,Mobile Plans,North,Residential,3,80.06,0.25,180.14
2024-09-13,Internet Packages,North,Residential,9,69.07,0.01,615.41
2024-04-10,Landline,North,Residential,1,32.76,0.29,23.26
2024-03-20,Landline,West,Business,5,177.0,0.16,743.4
2024-01-15,Landline,East,Residential,1,85.98,0.2,68.78
2024-06-11,Internet Packages,South,Residential,10,130.91,0.11,1165.1
2024-01-31,Internet Packages,East,Residential,3,47.64,0.19,115.77
2024-09-30,Mobile Plans,North,Business,9,116.22,0.23,805.4
2024-09-17,Mobile Plans,South,Business,10,98.35,0.24,747.46
2024-09-18,Mobile Plans,West,Business,9,15.23,0.04,131.59
2024-04-02,Landline,West,Business,3,136.66,0.28,295.19
2024-10-12,Mobile Plans,North,Residential,9,143.71,0.07,1202.85
2024-04-20,Internet Packages,South,Business,6,92.37,0.06,520.97
2024-10-27,Landline,South,Business,7,107.09,0.15,637.19
2024-05-06,Landline,West,Residential,10,98.24,0.22,766.27
2024-08-21,Mobile Plans,West,Residential,5,42.29,0.28,152.24
2024-01-22,Mobile Plans,North,Residential,4,172.51,0.09,627.94
2024-03-19,Landline,North,Business,9,199.76,0.06,1689.97
2024-07-19,Landline,North,Residential,7,45.94,0.16,270.13
2024-09-09,Mobile Plans,North,Residential,3,145.97,0.29,310.92
2024-06-13,Internet Packages,North,Business,1,12.4,0.29,8.8
2024-07-16,Landline,South,Residential,8,126.79,0.06,953.46
2024-09-23,Mobile Plans,South,Business,3,158.93,0.21,376.66
2024-10-13,Landline,East,Business,3,29.7,0.08,81.97
2024-01-28,Mobile Plans,East,Business,1,134.69,0.19,109.1
2024-10-23,Internet Packages,West,Business,4,15.93,0.22,49.7
2024-12-01,Internet Packages,West,Residential,8,81.65,0.28,470.3
2024-10-05,Mobile Plans,West,Business,3,108.85,0.24,248.18
2024-04-11,Landline,West,Business,10,95.48,0.06,897.51
2024-11-09,Internet Packages,East,Residential,2,58.29,0.14,100.26
2024-03-01,Landline,South,Residential,9,166.8,0.24,1140.91
2024-01-17,Landline,East,Business,10,40.14,0.03,389.36
2024-05-31,Mobile Plans,East,Business,1,43.05,0.24,32.72
2024-03-27,Mobile Plans,East,Business,9,100.01,0.28,648.06
2024-02-14,Mobile Plans,West,Business,8,138.33,0.18,907.44
2024-05-31,Landline,South,Business,8,108.65,0.17,721.44
2024-09-19,Internet Packages,North,Business,9,38.17,0.03,333.22
2024-07-25,Internet Packages,West,Business,5,26.44,0.28,95.18
2024-10-31,Mobile Plans,East,Business,5,118.3,0.15,502.78
2024-05-27,Mobile Plans,East,Business,1,14.0,0.15,11.9
2024-05-11,Mobile Plans,North,Residential,7,63.93,0.22,349.06
2024-02-19,Landline,South,Residential,7,25.64,0.18,147.17
2024-06-12,Landline,East,Business,9,14.68,0.07,122.87
2024-03-24,Mobile Plans,North,Business,2,159.34,0.19,258.13
2024-02-13,Internet Packages,East,Residential,3,44.01,0.18,108.26
2024-12-02,Landline,East,Business,10,150.0,0.0,1500.0
2024-01-24,Mobile Plans,East,Business,7,62.72,0.2,351.23
2024-07-13,Landline,West,Business,7,191.35,0.18,1098.35
2024-02-27,Internet Packages,East,Business,4,171.91,0.12,605.12
2024-04-24,Mobile Plans,East,Residential,3,80.79,0.26,179.35
2024-04-04,Landline,South,Residential,3,26.4,0.17,65.74
2024-08-03,Internet Packages,East,Business,7,23.57,0.12,145.19
2024-03-23,Landline,West,Business,2,170.96,0.04,328.24
2024-10-20,Landline,North,Business,10,195.55,0.27,1427.52
2024-11-26,Internet Packages,East,Residential,2,131.04,0.22,204.42
2024-08-20,Mobile Plans,North,Business,2,11.78,0.26,17.43
2024-06-14,Landline,West,Residential,8,10.55,0.1,75.96
2024-04-26,Mobile Plans,West,Business,10,161.49,0.24,1227.32
2024-06-18,Mobile Plans,South,Business,9,30.91,0.28,200.3
2024-11-03,Internet Packages,South,Residential,10,148.42,0.03,1439.67
2024-07-06,Landline,East,Business,5,133.05,0.12,585.42
2024-05-04,Internet Packages,North,Residential,2,158.68,0.22,247.54
2024-09-21,Mobile Plans,North,Residential,9,169.84,0.2,1222.85
2024-11-07,Mobile Plans,South,Business,8,37.87,0.09,275.69
2024-06-20,Mobile Plans,West,Residential,4,14.14,0.05,53.73
2024-11-09,Internet Packages,North,Business,4,111.57,0.07,415.04
2024-12-31,Landline,South,Business,9,33.27,0.11,266.49
2024-03-25,Landline,West,Business,9,166.36,0.15,1272.65
2024-01-19,Internet Packages,West,Residential,10,144.34,0.07,1342.36
2024-07-25,Internet Packages,West,Business,5,142.74,0.17,592.37
2024-01-15,Internet Packages,West,Residential,8,164.35,0.19,1064.99
2024-12-15,Internet Packages,South,Residential,3,99.98,0.25,224.96
2024-03-02,Mobile Plans,South,Business,7,132.77,0.18,762.1
2024-04-17,Mobile Plans,West,Residential,2,112.61,0.24,171.17
2024-10-26,Internet Packages,West,Business,4,10.82,0.15,36.79
2024-05-13,Internet Packages,South,Residential,2,92.51,0.11,164.67
2024-11-26,Internet Packages,East,Residential,2,26.49,0.22,41.32
2024-12-16,Landline,East,Business,3,75.83,0.02,222.94
2024-09-19,Landline,South,Residential,3,45.01,0.15,114.78
2024-02-13,Mobile Plans,West,Business,9,15.62,0.29,99.81
2024-04-19,Mobile Plans,South,Residential,9,37.03,0.12,293.28
2024-08-24,Internet Packages,East,Residential,4,195.72,0.09,712.42
2024-05-14,Internet Packages,West,Business,10,188.26,0.18,1543.73
2024-03-21,Landline,North,Business,9,160.68,0.19,1171.36
2024-10-02,Internet Packages,North,Business,9,86.93,0.24,594.6
2024-02-20,Landline,East,Business,9,37.13,0.11,297.41
2024-10-14,Internet Packages,East,Business,1,67.63,0.19,54.78
2024-12-31,Landline,East,Business,5,86.19,0.13,374.93
2024-01-14,Mobile Plans,North,Business,8,76.62,0.26,453.59
2024-01-12,Landline,North,Business,10,118.04,0.02,1156.79
2024-04-16,Landline,East,Business,4,100.78,0.02,395.06
2024-06-10,Internet Packages,West,Business,10,104.21,0.08,958.73
2024-03-30,Internet Packages,East,Residential,10,134.08,0.24,1019.01
2024-01-04,Internet Packages,North,Business,5,156.29,0.1,703.3
2024-08-20,Mobile Plans,North,Business,8,120.28,0.16,808.28
2024-07-01,Mobile Plans,West,Business,10,54.17,0.21,427.94
2024-09-24,Internet Packages,South,Business,3,79.76,0.15,203.39
2024-07-25,Internet Packages,North,Residential,2,118.64,0.14,204.06
2024-05-27,Internet Packages,North,Business,10,163.53,0.22,1275.53
2024-12-28,Internet Packages,West,Residential,8,199.28,0.28,1147.85
2024-07-02,Mobile Plans,East,Business,9,132.36,0.29,845.78
2024-02-23,Landline,East,Business,3,111.54,0.21,264.35
2024-06-30,Landline,North,Business,7,134.57,0.04,904.31
2024-02-04,Landline,South,Business,2,74.16,0.29,105.31
2024-12-28,Mobile Plans,North,Residential,5,79.96,0.12,351.82
2024-06-07,Landline,West,Residential,2,192.34,0.02,376.99
2024-11-03,Internet Packages,East,Residential,2,57.07,0.19,92.45
2024-11-05,Mobile Plans,East,Business,1,59.35,0.15,50.45
2024-07-06,Internet Packages,West,Residential,9,37.84,0.29,241.8
2024-10-27,Landline,West,Business,6,114.55,0.26,508.6
2024-10-25,Internet Packages,East,Residential,7,109.5,0.28,551.88
2024-04-29,Mobile Plans,West,Residential,6,52.87,0.29,225.23
2024-11-17,Internet Packages,East,Residential,3,36.14,0.03,105.17
2024-12-14,Landline,East,Business,9,19.97,0.15,152.77
2024-12-19,Landline,East,Business,4,54.84,0.06,206.2
2024-07-29,Mobile Plans,North,Residential,5,152.53,0.23,587.24
2024-10-08,Landline,North,Residential,7,163.66,0.26,847.76
2024-09-09,Internet Packages,East,Business,8,181.48,0.29,1030.81
2024-03-02,Mobile Plans,South,Residential,5,190.53,0.17,790.7
2024-10-22,Internet Packages,South,Residential,3,137.46,0.1,371.14
2024-10-25,Landline,East,Residential,4,188.02,0.25,564.06
2024-03-19,Mobile Plans,West,Business,4,106.42,0.24,323.52
2024-01-05,Internet Packages,South,Residential,10,71.95,0.02,705.11
2024-04-02,Landline,East,Residential,1,133.47,0.1,120.12
2024-10-12,Landline,North,Business,2,42.07,0.24,63.95
2024-10-20,Internet Packages,West,Residential,4,33.63,0.04,129.14
2024-08-11,Mobile Plans,North,Business,2,127.54,0.23,196.41
2024-04-12,Landline,South,Business,1,187.5,0.17,155.62
2024-02-26,Mobile Plans,West,Business,10,170.76,0.01,1690.52
2024-12-02,Landline,South,Residential,4,13.43,0.12,47.27
2024-09-07,Internet Packages,West,Business,9,154.09,0.1,1248.13
2024-01-19,Internet Packages,South,Residential,8,151.83,0.04,1166.05
2024-07-23,Landline,South,Business,8,146.52,0.19,949.45
2024-02-05,Mobile Plans,West,Business,5,129.11,0.14,555.17
2024-10-11,Landline,East,Business,6,30.94,0.01,183.78
2024-04-10,Internet Packages,East,Residential,7,19.46,0.1,122.6
2024-11-02,Mobile Plans,West,Residential,1,199.04,0.16,167.19
2024-08-17,Landline,North,Business,8,16.99,0.09,123.69
2024-05-23,Landline,South,Residential,7,94.95,0.19,538.37
2024-02-21,Internet Packages,South,Business,7,60.05,0.26,311.06
2024-03-28,Mobile Plans,West,Business,4,59.49,0.1,214.16
2024-01-22,Landline,West,Business,7,87.27,0.0,610.89
2024-08-15,Landline,South,Residential,6,175.73,0.07,980.57
2024-10-05,Mobile Plans,West,Business,4,51.76,0.23,159.42
2024-06-26,Internet Packages,North,Residential,2,69.86,0.09,127.15
2024-08-31,Mobile Plans,North,Residential,10,60.97,0.1,548.73
2024-06-13,Mobile Plans,West,Business,1,119.25,0.02,116.86
2024-12-08,Mobile Plans,North,Business,10,69.18,0.09,629.54
2024-12-02,Mobile Plans,West,Residential,2,176.61,0.04,339.09
2024-09-03,Mobile Plans,West,Residential,4,183.14,0.01,725.23
2024-03-19,Mobile Plans,South,Residential,7,135.65,0.08,873.59
2024-06-15,Landline,West,Residential,7,38.64,0.16,227.2
2024-01-15,Landline,East,Residential,6,12.37,0.08,68.28
2024-09-25,Internet Packages,West,Residential,10,73.44,0.12,646.27
2024-08-19,Internet Packages,South,Residential,2,164.92,0.11,293.56
2024-09-04,Landline,South,Residential,8,101.33,0.16,680.94
2024-09-20,Internet Packages,West,Residential,4,198.39,0.08,730.08
2024-07-05,Internet Packages,South,Residential,7,19.46,0.24,103.53
2024-03-04,Landline,West,Business,1,182.69,0.26,135.19
2024-03-29,Internet Packages,West,Business,10,148.03,0.18,1213.85
2024-07-31,Landline,West,Residential,10,133.99,0.07,1246.11
2024-02-08,Landline,North,Residential,2,156.03,0.06,293.34
2024-08-22,Mobile Plans,West,Residential,1,127.68,0.3,89.38
2024-11-27,Mobile Plans,North,Business,5,130.13,0.1,585.58
2024-07-14,Internet Packages,North,Residential,1,199.48,0.19,161.58
2024-06-08,Mobile Plans,South,Residential,1,137.09,0.16,115.16
2024-07-20,Mobile Plans,North,Residential,6,176.58,0.16,889.96
2024-11-29,Landline,East,Residential,6,129.46,0.05,737.92
2024-03-06,Internet Packages,South,Business,3,12.12,0.1,32.72
2024-11-26,Mobile Plans,South,Residential,8,176.09,0.02,1380.55
2024-09-17,Internet Packages,East,Residential,5,163.8,0.03,794.43
2024-06-07,Internet Packages,North,Residential,4,182.54,0.09,664.45
2024-07-21,Mobile Plans,North,Residential,10,146.63,0.08,1349.0
2024-12-24,Landline,East,Residential,4,133.76,0.0,535.04
2024-08-30,Internet Packages,North,Residential,6,49.66,0.18,244.33
